{
    "uids": [
        1,
        5,
        530,
        532,
        538,
        539,
        42,
        51,
        62,
        580,
        588,
        82,
        598,
        345,
        609,
        622,
        370,
        378,
        139,
        152,
        693,
        239
    ],
    "weights": [
        0.9975400030950502,
        0.9975400030851446,
        0.9975400016267104,
        0.9975400036236481,
        0.9975399964533568,
        0.9975399964361535,
        0.997542768039325,
        0.9975399979350976,
        0.9975428870928764,
        0.9975432917126886,
        0.9975432917095634,
        1.0,
        0.9975432844039956,
        0.997543273774727,
        0.9975427700310812,
        0.9975432917119269,
        0.9975301207726656,
        0.9975308434392784,
        0.9975399794456232,
        0.9975303324169638,
        0.9975432692835013,
        0.9975427456103494
    ]
}